order_id,text
rec_0001,A elegant planner that improves daily planning for commuters
rec_0002,A flexible organizer that streamlines daily planning for small teams
rec_0003,A elegant workbook that enhances daily planning for small teams
rec_0004,A affordable dashboard that improves daily planning for students
rec_0005,A modular organizer that supports daily planning for travelers
rec_0006,A affordable widget that enhances daily planning for hobbyists
rec_0007,A reliable gadget that enhances daily planning for freelancers
rec_0008,A flexible notebook that automates daily planning for commuters
rec_0009,A compact tracker that clarifies daily planning for researchers
rec_0010,A durable tracker that supports daily planning for researchers
rec_0011,A modular planner that clarifies daily planning for small teams
rec_0012,A quiet assistant that automates daily planning for commuters
rec_0013,A compact workbook that coordinates daily planning for travelers
rec_0014,A modular dashboard that simplifies daily planning for travelers
rec_0015,A durable gadget that automates daily planning for researchers
rec_0016,A affordable organizer that simplifies daily planning for students
rec_0017,A elegant organizer that organizes daily planning for small teams
rec_0018,A flexible planner that clarifies daily planning for commuters
rec_0019,A efficient gadget that accelerates daily planning for remote workers
rec_0020,A quiet assistant that supports daily planning for commuters
rec_0021,A reliable gadget that simplifies daily planning for beginners
rec_0022,A elegant tracker that enhances daily planning for hobbyists
rec_0023,A lightweight notebook that clarifies daily planning for commuters
rec_0024,A elegant workbook that enhances daily planning for hobbyists
rec_0025,A elegant assistant that improves daily planning for hobbyists
rec_0026,A compact assistant that clarifies daily planning for commuters
rec_0027,A modular organizer that automates daily planning for researchers
rec_0028,A flexible gadget that coordinates daily planning for freelancers
rec_0029,A elegant notebook that streamlines daily planning for commuters
rec_0030,A lightweight organizer that enhances daily planning for travelers
rec_0031,A durable workbook that automates daily planning for freelancers
rec_0032,A affordable dashboard that accelerates daily planning for hobbyists
rec_0033,A lightweight scheduler that coordinates daily planning for small teams
rec_0034,A compact planner that streamlines daily planning for remote workers
rec_0035,A elegant dashboard that automates daily planning for small teams
rec_0036,A portable dashboard that automates daily planning for volunteers
rec_0037,A sturdy toolkit that enhances daily planning for students
rec_0038,A elegant workbook that simplifies daily planning for travelers
rec_0039,A durable gadget that accelerates daily planning for small teams
rec_0040,A durable dashboard that streamlines daily planning for volunteers
rec_0041,A compact workbook that organizes daily planning for travelers
rec_0042,A lightweight scheduler that simplifies daily planning for commuters
rec_0043,A elegant scheduler that automates daily planning for hobbyists
rec_0044,A lightweight assistant that streamlines daily planning for travelers
rec_0045,A sturdy widget that automates daily planning for researchers
rec_0046,A efficient widget that simplifies daily planning for researchers
rec_0047,A durable organizer that improves daily planning for hobbyists
rec_0048,A affordable planner that simplifies daily planning for volunteers
rec_0049,A modular scheduler that streamlines daily planning for remote workers
rec_0050,A elegant notebook that enhances daily planning for remote workers
rec_0051,A durable scheduler that automates daily planning for freelancers
rec_0052,A flexible scheduler that supports daily planning for commuters
rec_0053,A portable gadget that accelerates daily planning for volunteers
rec_0054,A sturdy notebook that simplifies daily planning for hobbyists
rec_0055,A flexible planner that accelerates daily planning for students
rec_0056,A affordable scheduler that supports daily planning for beginners
rec_0057,A flexible widget that simplifies daily planning for students
rec_0058,A flexible planner that improves daily planning for researchers
rec_0059,A modular scheduler that supports daily planning for commuters
rec_0060,A elegant notebook that supports daily planning for travelers
rec_0061,A lightweight workbook that automates daily planning for beginners
rec_0062,A efficient organizer that coordinates daily planning for freelancers
rec_0063,A flexible planner that simplifies daily planning for freelancers
rec_0064,A quiet dashboard that clarifies daily planning for volunteers
rec_0065,A reliable widget that simplifies daily planning for students
rec_0066,A portable workbook that accelerates daily planning for small teams
rec_0067,A flexible organizer that supports daily planning for travelers
rec_0068,A efficient tracker that clarifies daily planning for remote workers
rec_0069,A durable notebook that supports daily planning for small teams
rec_0070,A efficient scheduler that simplifies daily planning for students
rec_0071,A elegant scheduler that improves daily planning for small teams
rec_0072,A flexible tracker that clarifies daily planning for volunteers
rec_0073,A efficient organizer that clarifies daily planning for students
rec_0074,A lightweight dashboard that improves daily planning for freelancers
rec_0075,A durable notebook that organizes daily planning for freelancers
rec_0076,A reliable workbook that enhances daily planning for volunteers
rec_0077,A lightweight organizer that organizes daily planning for hobbyists
rec_0078,A compact reminder that enhances daily planning for students
rec_0079,A reliable assistant that improves daily planning for students
rec_0080,A affordable notebook that enhances daily planning for travelers
rec_0081,A lightweight widget that enhances daily planning for small teams
rec_0082,A lightweight planner that automates daily planning for small teams
rec_0083,A elegant organizer that clarifies daily planning for small teams
rec_0084,A affordable organizer that automates daily planning for beginners
rec_0085,A compact reminder that simplifies daily planning for freelancers
rec_0086,A elegant reminder that automates daily planning for travelers
rec_0087,A quiet toolkit that supports daily planning for researchers
rec_0088,A flexible toolkit that clarifies daily planning for remote workers
rec_0089,A elegant gadget that organizes daily planning for volunteers
rec_0090,A quiet planner that improves daily planning for volunteers
rec_0091,A affordable reminder that simplifies daily planning for small teams
rec_0092,A sturdy organizer that enhances daily planning for commuters
rec_0093,A lightweight assistant that simplifies daily planning for hobbyists
rec_0094,A quiet toolkit that streamlines daily planning for volunteers
rec_0095,A sturdy workbook that organizes daily planning for beginners
rec_0096,A elegant scheduler that improves daily planning for travelers
rec_0097,A durable gadget that simplifies daily planning for remote workers
rec_0098,A durable planner that simplifies daily planning for travelers
rec_0099,A lightweight toolkit that organizes daily planning for beginners
rec_0100,A flexible workbook that accelerates daily planning for hobbyists
rec_0101,A elegant gadget that organizes daily planning for travelers
rec_0102,A efficient toolkit that improves daily planning for small teams
rec_0103,A elegant dashboard that organizes daily planning for students
rec_0104,A compact assistant that streamlines daily planning for commuters
rec_0105,A lightweight workbook that coordinates daily planning for travelers
rec_0106,A reliable dashboard that enhances daily planning for students
rec_0107,A modular planner that streamlines daily planning for travelers
rec_0108,A compact assistant that automates daily planning for travelers
rec_0109,A lightweight dashboard that streamlines daily planning for students
rec_0110,A durable assistant that improves daily planning for researchers
rec_0111,A flexible gadget that supports daily planning for small teams
rec_0112,A quiet scheduler that clarifies daily planning for beginners
rec_0113,A reliable tracker that supports daily planning for remote workers
rec_0114,A lightweight dashboard that improves daily planning for remote workers
rec_0115,A reliable assistant that clarifies daily planning for hobbyists
rec_0116,A durable tracker that simplifies daily planning for freelancers
rec_0117,A compact notebook that supports daily planning for hobbyists
rec_0118,A efficient assistant that organizes daily planning for hobbyists
rec_0119,A flexible widget that supports daily planning for freelancers
rec_0120,A quiet toolkit that simplifies daily planning for commuters
rec_0121,A quiet gadget that enhances daily planning for freelancers
rec_0122,A elegant scheduler that accelerates daily planning for students
rec_0123,A modular toolkit that streamlines daily planning for beginners
rec_0124,A durable widget that simplifies daily planning for beginners
rec_0125,A portable assistant that accelerates daily planning for freelancers
rec_0126,A affordable scheduler that simplifies daily planning for freelancers
rec_0127,A affordable organizer that organizes daily planning for students
rec_0128,A reliable dashboard that improves daily planning for travelers
rec_0129,A sturdy gadget that supports daily planning for researchers
rec_0130,A portable planner that accelerates daily planning for beginners
rec_0131,A quiet gadget that simplifies daily planning for commuters
rec_0132,A sturdy toolkit that clarifies daily planning for researchers
rec_0133,A portable workbook that organizes daily planning for travelers
rec_0134,A lightweight organizer that clarifies daily planning for freelancers
rec_0135,A elegant workbook that streamlines daily planning for beginners
rec_0136,A affordable toolkit that clarifies daily planning for travelers
rec_0137,A compact toolkit that organizes daily planning for hobbyists
rec_0138,A portable reminder that automates daily planning for researchers
rec_0139,A efficient notebook that coordinates daily planning for hobbyists
rec_0140,A sturdy notebook that streamlines daily planning for small teams
rec_0141,A durable scheduler that automates daily planning for researchers
rec_0142,A modular organizer that organizes daily planning for hobbyists
rec_0143,A flexible tracker that improves daily planning for students
rec_0144,A flexible notebook that automates daily planning for small teams
rec_0145,A efficient dashboard that automates daily planning for hobbyists
rec_0146,A reliable workbook that clarifies daily planning for volunteers
rec_0147,A portable organizer that streamlines daily planning for students
rec_0148,A modular dashboard that supports daily planning for remote workers
rec_0149,A reliable scheduler that coordinates daily planning for students
rec_0150,A sturdy organizer that simplifies daily planning for volunteers
rec_0151,A lightweight notebook that enhances daily planning for travelers
rec_0152,A affordable assistant that coordinates daily planning for beginners
rec_0153,A reliable scheduler that clarifies daily planning for travelers
rec_0154,A efficient tracker that coordinates daily planning for volunteers
rec_0155,A durable organizer that organizes daily planning for travelers
rec_0156,A efficient gadget that supports daily planning for commuters
rec_0157,A efficient planner that organizes daily planning for hobbyists
rec_0158,A durable assistant that accelerates daily planning for travelers
rec_0159,A modular tracker that streamlines daily planning for hobbyists
rec_0160,A portable workbook that streamlines daily planning for hobbyists
rec_0161,A modular dashboard that clarifies daily planning for researchers
rec_0162,A sturdy notebook that clarifies daily planning for students
rec_0163,A flexible dashboard that clarifies daily planning for beginners
rec_0164,A reliable widget that automates daily planning for freelancers
rec_0165,A efficient widget that accelerates daily planning for commuters
rec_0166,A portable dashboard that enhances daily planning for travelers
rec_0167,A affordable organizer that coordinates daily planning for hobbyists
rec_0168,A durable dashboard that coordinates daily planning for students
rec_0169,A portable assistant that clarifies daily planning for remote workers
rec_0170,A efficient tracker that automates daily planning for travelers
rec_0171,A compact dashboard that automates daily planning for beginners
rec_0172,A elegant widget that simplifies daily planning for freelancers
rec_0173,A lightweight notebook that streamlines daily planning for students
rec_0174,A durable dashboard that accelerates daily planning for hobbyists
rec_0175,A efficient assistant that accelerates daily planning for freelancers
rec_0176,A durable dashboard that organizes daily planning for small teams
rec_0177,A efficient widget that enhances daily planning for students
rec_0178,A quiet organizer that simplifies daily planning for students
rec_0179,A compact organizer that supports daily planning for students
rec_0180,A affordable tracker that supports daily planning for remote workers
rec_0181,A efficient gadget that simplifies daily planning for beginners
rec_0182,A flexible notebook that organizes daily planning for researchers
rec_0183,A lightweight reminder that automates daily planning for small teams
rec_0184,A lightweight toolkit that simplifies daily planning for beginners
rec_0185,A compact toolkit that automates daily planning for freelancers
rec_0186,A portable workbook that supports daily planning for small teams
rec_0187,A affordable workbook that supports daily planning for small teams
rec_0188,A reliable toolkit that automates daily planning for small teams
rec_0189,A affordable widget that accelerates daily planning for travelers
rec_0190,A portable gadget that accelerates daily planning for small teams
rec_0191,A sturdy gadget that accelerates daily planning for students
rec_0192,A portable notebook that simplifies daily planning for freelancers
rec_0193,A quiet gadget that coordinates daily planning for remote workers
rec_0194,A portable tracker that enhances daily planning for commuters
rec_0195,A affordable scheduler that coordinates daily planning for volunteers
rec_0196,A portable workbook that automates daily planning for commuters
rec_0197,A quiet organizer that simplifies daily planning for commuters
rec_0198,A efficient organizer that coordinates daily planning for beginners
rec_0199,A affordable gadget that clarifies daily planning for researchers
rec_0200,A compact notebook that accelerates daily planning for remote workers
rec_0201,A efficient organizer that accelerates daily planning for commuters
rec_0202,A quiet toolkit that automates daily planning for commuters
rec_0203,A sturdy widget that enhances daily planning for hobbyists
rec_0204,A modular organizer that clarifies daily planning for volunteers
rec_0205,A sturdy organizer that coordinates daily planning for volunteers
rec_0206,A efficient widget that simplifies daily planning for commuters
rec_0207,A flexible dashboard that supports daily planning for commuters
rec_0208,A elegant reminder that accelerates daily planning for volunteers
rec_0209,A sturdy scheduler that accelerates daily planning for freelancers
rec_0210,A reliable scheduler that accelerates daily planning for researchers
rec_0211,A reliable notebook that organizes daily planning for commuters
rec_0212,A durable organizer that simplifies daily planning for hobbyists
rec_0213,A quiet planner that enhances daily planning for remote workers
rec_0214,A flexible organizer that coordinates daily planning for commuters
rec_0215,A reliable reminder that enhances daily planning for beginners
rec_0216,A durable planner that supports daily planning for commuters
rec_0217,A flexible assistant that streamlines daily planning for commuters
rec_0218,A compact workbook that enhances daily planning for remote workers
rec_0219,A durable widget that improves daily planning for travelers
rec_0220,A durable workbook that streamlines daily planning for volunteers
rec_0221,A modular widget that automates daily planning for commuters
rec_0222,A efficient notebook that coordinates daily planning for researchers
rec_0223,A lightweight widget that organizes daily planning for volunteers
rec_0224,A modular planner that clarifies daily planning for volunteers
rec_0225,A modular reminder that improves daily planning for remote workers
rec_0226,A lightweight reminder that organizes daily planning for small teams
rec_0227,A flexible planner that enhances daily planning for freelancers
rec_0228,A affordable reminder that automates daily planning for hobbyists
rec_0229,A sturdy dashboard that coordinates daily planning for volunteers
rec_0230,A durable reminder that clarifies daily planning for commuters
rec_0231,A affordable reminder that improves daily planning for beginners
rec_0232,A reliable planner that supports daily planning for hobbyists
rec_0233,A durable gadget that simplifies daily planning for remote workers
rec_0234,A flexible tracker that enhances daily planning for small teams
rec_0235,A lightweight widget that clarifies daily planning for volunteers
rec_0236,A reliable reminder that coordinates daily planning for commuters
rec_0237,A compact organizer that organizes daily planning for commuters
rec_0238,A reliable notebook that simplifies daily planning for hobbyists
rec_0239,A durable gadget that automates daily planning for hobbyists
rec_0240,A portable planner that enhances daily planning for hobbyists
rec_0241,A elegant tracker that organizes daily planning for remote workers
rec_0242,A modular widget that streamlines daily planning for commuters
rec_0243,A affordable workbook that automates daily planning for commuters
rec_0244,A efficient planner that coordinates daily planning for commuters
rec_0245,A reliable dashboard that organizes daily planning for travelers
rec_0246,A sturdy notebook that coordinates daily planning for small teams
rec_0247,A affordable widget that clarifies daily planning for researchers
rec_0248,A affordable toolkit that improves daily planning for small teams
rec_0249,A flexible gadget that automates daily planning for beginners
rec_0250,A compact gadget that organizes daily planning for beginners
rec_0251,A compact tracker that coordinates daily planning for travelers
rec_0252,A elegant notebook that organizes daily planning for remote workers
rec_0253,A affordable dashboard that coordinates daily planning for small teams
rec_0254,A efficient assistant that clarifies daily planning for researchers
rec_0255,A quiet gadget that simplifies daily planning for remote workers
rec_0256,A quiet dashboard that coordinates daily planning for commuters
rec_0257,A elegant dashboard that enhances daily planning for students
rec_0258,A efficient planner that accelerates daily planning for commuters
rec_0259,A quiet planner that clarifies daily planning for travelers
rec_0260,A compact gadget that enhances daily planning for volunteers
rec_0261,A portable widget that supports daily planning for travelers
rec_0262,A quiet reminder that coordinates daily planning for volunteers
rec_0263,A compact organizer that organizes daily planning for travelers
rec_0264,A lightweight toolkit that coordinates daily planning for volunteers
rec_0265,A modular widget that automates daily planning for hobbyists
rec_0266,A reliable tracker that organizes daily planning for travelers
rec_0267,A compact scheduler that clarifies daily planning for small teams
rec_0268,A flexible planner that coordinates daily planning for small teams
rec_0269,A elegant tracker that coordinates daily planning for commuters
rec_0270,A sturdy workbook that organizes daily planning for freelancers
rec_0271,A efficient notebook that supports daily planning for volunteers
rec_0272,A sturdy tracker that clarifies daily planning for hobbyists
rec_0273,A affordable scheduler that streamlines daily planning for small teams
rec_0274,A durable dashboard that accelerates daily planning for travelers
rec_0275,A durable widget that organizes daily planning for commuters
rec_0276,A affordable reminder that coordinates daily planning for remote workers
rec_0277,A efficient scheduler that coordinates daily planning for researchers
rec_0278,A quiet scheduler that enhances daily planning for freelancers
rec_0279,A efficient assistant that supports daily planning for hobbyists
rec_0280,A affordable dashboard that supports daily planning for freelancers
rec_0281,A compact assistant that coordinates daily planning for freelancers
rec_0282,A portable gadget that streamlines daily planning for volunteers
rec_0283,A compact tracker that enhances daily planning for beginners
rec_0284,A quiet planner that coordinates daily planning for small teams
rec_0285,A sturdy notebook that improves daily planning for remote workers
rec_0286,A portable gadget that streamlines daily planning for small teams
rec_0287,A efficient toolkit that accelerates daily planning for beginners
rec_0288,A reliable dashboard that simplifies daily planning for researchers
rec_0289,A elegant scheduler that clarifies daily planning for researchers
rec_0290,A elegant workbook that coordinates daily planning for travelers
rec_0291,A compact reminder that simplifies daily planning for hobbyists
rec_0292,A elegant gadget that organizes daily planning for hobbyists
rec_0293,A reliable planner that clarifies daily planning for small teams
rec_0294,A elegant workbook that simplifies daily planning for volunteers
rec_0295,A lightweight workbook that organizes daily planning for students
rec_0296,A compact assistant that improves daily planning for commuters
rec_0297,A quiet assistant that clarifies daily planning for remote workers
rec_0298,A flexible scheduler that clarifies daily planning for beginners
rec_0299,A elegant tracker that streamlines daily planning for remote workers
rec_0300,A modular reminder that clarifies daily planning for beginners
